{
    "accuracy": 0.4406779661016949,
    "cohen_kappa": 0.06337943475646424,
    "macro_f1": 0.15290178571428573,
    "weighted_f1": 0.3011955205811138
}