Model,Accuracy,Macro Precision,Macro Recall,Macro F1,Weighted Precision,Weighted Recall,Weighted F1
Baseline,0.25,0.06666666666666667,0.2,0.1,0.08333333333333333,0.25,0.125
SFT,0.5,0.675,0.5166666666666666,0.4890909090909091,0.7604166666666666,0.5,0.478030303030303
DPO,0.8333333333333334,0.52,0.6,0.55,0.7333333333333334,0.8333333333333334,0.7708333333333334
